{"version": "1", "message": "ERROR: Hidden Testcases server unreachable.", "problem_id": "ads2_m16_a1_1", "user_id": "Abijithhebbar", "score": {"sample": {"0": {"execution_time": 0.524324893951416, "passed": true}, "1": {"execution_time": 0.5702135562896729, "passed": true}, "2": {"execution_time": 1.0164382457733154, "passed": true}, "3": {"execution_time": 0.9875340461730957, "passed": true}, "4": {"execution_time": 1.0098588466644287, "passed": true}, "5": {"execution_time": 1.0162427425384521, "passed": true}, "6": {"execution_time": 1.1367521286010742, "passed": true}, "7": {"execution_time": 1.1000375747680664, "passed": true}, "8": {"execution_time": 0.6945807933807373, "passed": true}, "9": {"execution_time": 1.495450496673584, "passed": true}, "10": {"execution_time": 1.3190109729766846, "passed": true}, "11": {"execution_time": 4.9702770709991455, "passed": true}, "12": {"execution_time": 1.0929837226867676, "passed": true}, "13": {"execution_time": 0.4865097999572754, "passed": true}, "14": {"execution_time": 1.169586181640625, "passed": true}, "15": {"execution_time": 1.1669225692749023, "passed": true}, "16": {"execution_time": 0.5717957019805908, "passed": true}, "17": {"execution_time": 0.5681045055389404, "passed": true}, "18": {"execution_time": 0.603513240814209, "passed": true}, "19": {"execution_time": 0.599062442779541, "passed": true}, "20": {"execution_time": 0.705470085144043, "passed": true}, "21": {"execution_time": 0.6049659252166748, "passed": true}, "22": {"execution_time": 0.6191692352294922, "passed": true}, "23": {"execution_time": 0.6449699401855469, "passed": true}, "24": {"execution_time": 0.4731755256652832, "passed": true}, "25": {"execution_time": 1.2027170658111572, "passed": true}, "26": {"execution_time": 0.9913351535797119, "passed": true}, "27": {"execution_time": 1.2610504627227783, "passed": true}, "28": {"execution_time": 1.76259183883667, "passed": true}, "29": {"execution_time": 0.3748602867126465, "passed": true}}}, "check_style_score": "1/1"}