{"version": "1", "message": "ERROR: Hidden Testcases server unreachable.", "problem_id": "ads2_m16_a1_1", "user_id": "Abijithhebbar", "score": {"sample": {"0": {"execution_time": 0.42641520500183105, "passed": true}, "1": {"execution_time": 0.4708678722381592, "passed": true}, "2": {"execution_time": 0.8531696796417236, "passed": true}, "3": {"execution_time": 0.8367269039154053, "passed": true}, "4": {"execution_time": 0.8591086864471436, "passed": true}, "5": {"execution_time": 0.8652024269104004, "passed": true}, "6": {"execution_time": 0.8391709327697754, "passed": true}, "7": {"execution_time": 0.8600664138793945, "passed": true}, "8": {"execution_time": 0.5564002990722656, "passed": true}, "9": {"execution_time": 1.0239689350128174, "passed": true}, "10": {"execution_time": 1.1542856693267822, "passed": true}, "11": {"execution_time": 4.8969855308532715, "passed": true}, "12": {"execution_time": 0.8400743007659912, "passed": true}, "13": {"execution_time": 0.4573044776916504, "passed": true}, "14": {"execution_time": 1.079939842224121, "passed": true}, "15": {"execution_time": 1.1410863399505615, "passed": true}, "16": {"execution_time": 0.5678892135620117, "passed": true}, "17": {"execution_time": 0.5893220901489258, "passed": true}, "18": {"execution_time": 0.5732882022857666, "passed": true}, "19": {"execution_time": 0.6238715648651123, "passed": true}, "20": {"execution_time": 0.6428122520446777, "passed": true}, "21": {"execution_time": 0.5440695285797119, "passed": true}, "22": {"execution_time": 0.5649216175079346, "passed": true}, "23": {"execution_time": 0.5936071872711182, "passed": true}, "24": {"execution_time": 0.4674408435821533, "passed": true}, "25": {"execution_time": 0.9993915557861328, "passed": true}, "26": {"execution_time": 0.9056041240692139, "passed": true}, "27": {"execution_time": 1.011044979095459, "passed": true}, "28": {"execution_time": 1.3977644443511963, "passed": true}, "29": {"execution_time": 0.4470040798187256, "passed": false}}}, "check_style_score": "0/1"}