{"version": "1", "message": "ERROR: Hidden Testcases server unreachable.", "problem_id": "ads2_m16_a1_1", "user_id": "Abijithhebbar", "score": {"sample": {"0": {"execution_time": 0.448458194732666, "passed": true}, "1": {"execution_time": 0.41554880142211914, "passed": true}, "2": {"execution_time": 0.8866360187530518, "passed": true}, "3": {"execution_time": 0.8527867794036865, "passed": true}, "4": {"execution_time": 0.8213090896606445, "passed": true}, "5": {"execution_time": 0.8695540428161621, "passed": true}, "6": {"execution_time": 0.8201112747192383, "passed": true}, "7": {"execution_time": 0.9008617401123047, "passed": true}, "8": {"execution_time": 0.5386538505554199, "passed": true}, "9": {"execution_time": 0.8456947803497314, "passed": true}, "10": {"execution_time": 0.8306806087493896, "passed": true}, "11": {"execution_time": 2.7580509185791016, "passed": true}, "12": {"execution_time": 0.8855283260345459, "passed": true}, "13": {"execution_time": 0.411527156829834, "passed": true}, "14": {"execution_time": 0.8334507942199707, "passed": true}, "15": {"execution_time": 0.8632240295410156, "passed": true}, "16": {"execution_time": 0.5559051036834717, "passed": true}, "17": {"execution_time": 0.4917750358581543, "passed": true}, "18": {"execution_time": 0.5208921432495117, "passed": true}, "19": {"execution_time": 0.5158193111419678, "passed": true}, "20": {"execution_time": 0.6176791191101074, "passed": true}, "21": {"execution_time": 0.6164822578430176, "passed": true}, "22": {"execution_time": 0.5339298248291016, "passed": true}, "23": {"execution_time": 0.5729608535766602, "passed": true}, "24": {"execution_time": 0.47939276695251465, "passed": true}, "25": {"execution_time": 1.1421420574188232, "passed": true}, "26": {"execution_time": 0.9259464740753174, "passed": true}, "27": {"execution_time": 1.024143934249878, "passed": true}, "28": {"execution_time": 1.473114252090454, "passed": true}, "29": {"execution_time": 0.43701982498168945, "passed": false}}}, "check_style_score": "1/1"}