{"version": "1", "message": "ERROR: Hidden Testcases server unreachable.", "problem_id": "ads2_m16_a1_1", "user_id": "Abijithhebbar", "score": {"sample": {"0": {"execution_time": 0.42708563804626465, "passed": true}, "1": {"execution_time": 0.46625590324401855, "passed": true}, "2": {"execution_time": 0.8178303241729736, "passed": true}, "3": {"execution_time": 0.8362884521484375, "passed": true}, "4": {"execution_time": 0.8451380729675293, "passed": true}, "5": {"execution_time": 0.8708503246307373, "passed": true}, "6": {"execution_time": 0.8525948524475098, "passed": true}, "7": {"execution_time": 0.8655281066894531, "passed": true}, "8": {"execution_time": 0.5596773624420166, "passed": true}, "9": {"execution_time": 0.8388264179229736, "passed": true}, "10": {"execution_time": 0.8814961910247803, "passed": true}, "11": {"execution_time": 2.8065848350524902, "passed": true}, "12": {"execution_time": 0.8762707710266113, "passed": true}, "13": {"execution_time": 0.40442442893981934, "passed": true}, "14": {"execution_time": 0.833803653717041, "passed": true}, "15": {"execution_time": 0.8673646450042725, "passed": true}, "16": {"execution_time": 0.5347929000854492, "passed": true}, "17": {"execution_time": 0.47944092750549316, "passed": true}, "18": {"execution_time": 0.4886782169342041, "passed": true}, "19": {"execution_time": 0.5155644416809082, "passed": true}, "20": {"execution_time": 0.5308151245117188, "passed": true}, "21": {"execution_time": 0.4649162292480469, "passed": true}, "22": {"execution_time": 0.4676780700683594, "passed": true}, "23": {"execution_time": 0.5025920867919922, "passed": true}, "24": {"execution_time": 0.40090394020080566, "passed": true}, "25": {"execution_time": 0.9143702983856201, "passed": true}, "26": {"execution_time": 1.0961732864379883, "passed": true}, "27": {"execution_time": 1.199012279510498, "passed": true}, "28": {"execution_time": 1.9037513732910156, "passed": true}, "29": {"execution_time": 0.4408762454986572, "passed": false}}}, "check_style_score": "1/1"}