{"version": "1", "message": "ERROR: Hidden Testcases server unreachable.", "problem_id": "ads2_m16_a1_1", "user_id": "Abijithhebbar", "score": {"sample": {"0": {"execution_time": 0.8905429840087891, "passed": false}, "1": {"execution_time": 0.4566068649291992, "passed": false}, "2": {"execution_time": 1.1182613372802734, "passed": true}, "3": {"execution_time": 0.8456103801727295, "passed": true}, "4": {"execution_time": 0.9213497638702393, "passed": true}, "5": {"execution_time": 0.8726365566253662, "passed": false}, "6": {"execution_time": 0.8855726718902588, "passed": false}, "7": {"execution_time": 0.8963537216186523, "passed": true}, "8": {"execution_time": 0.5830490589141846, "passed": false}, "9": {"execution_time": 0.8875668048858643, "passed": false}, "10": {"execution_time": 0.8850760459899902, "passed": false}, "11": {"execution_time": 2.99680495262146, "passed": true}, "12": {"execution_time": 0.8950209617614746, "passed": false}, "13": {"execution_time": 0.4529242515563965, "passed": true}, "14": {"execution_time": 0.8469533920288086, "passed": false}, "15": {"execution_time": 0.8840973377227783, "passed": false}, "16": {"execution_time": 0.6466619968414307, "passed": true}, "17": {"execution_time": 0.5000998973846436, "passed": true}, "18": {"execution_time": 0.5178883075714111, "passed": true}, "19": {"execution_time": 0.536078691482544, "passed": true}, "20": {"execution_time": 0.5729899406433105, "passed": false}, "21": {"execution_time": 0.5505108833312988, "passed": true}, "22": {"execution_time": 0.48716211318969727, "passed": true}, "23": {"execution_time": 0.48485851287841797, "passed": false}, "24": {"execution_time": 0.44265294075012207, "passed": true}, "25": {"execution_time": 0.865626335144043, "passed": false}, "26": {"execution_time": 0.8307735919952393, "passed": false}, "27": {"execution_time": 1.0839474201202393, "passed": false}, "28": {"execution_time": 1.5301740169525146, "passed": false}, "29": {"execution_time": 0.4522855281829834, "passed": false}}}, "check_style_score": "0/1"}