{"version": "1", "message": "ERROR: Hidden Testcases server unreachable.", "problem_id": "ads2_m6_a1_1", "user_id": "Abijithhebbar", "score": {"sample": {"0": {"execution_time": 0.1518411636352539, "passed": false}, "1": {"execution_time": 0.1467595100402832, "passed": false}, "2": {"execution_time": 0.15162420272827148, "passed": false}, "3": {"execution_time": 0.14310979843139648, "passed": false}, "4": {"execution_time": 0.14163708686828613, "passed": false}, "5": {"execution_time": 0.14175653457641602, "passed": false}, "6": {"execution_time": 0.1446552276611328, "passed": false}, "7": {"execution_time": 0.14389371871948242, "passed": false}, "8": {"execution_time": 0.14291143417358398, "passed": false}, "9": {"execution_time": 0.14660859107971191, "passed": false}, "10": {"execution_time": 0.15301084518432617, "passed": false}, "11": {"execution_time": 0.153181791305542, "passed": false}}}, "check_style_score": "0/1"}