{"version": "1", "message": "ERROR: Hidden Testcases server unreachable.", "problem_id": "ads2_m4_a1_1", "user_id": "Abijithhebbar", "score": {"sample": {"0": {"execution_time": 0.16144180297851562, "passed": true}, "1": {"execution_time": 0.15226507186889648, "passed": true}, "2": {"execution_time": 0.17883038520812988, "passed": true}, "3": {"execution_time": 0.18269896507263184, "passed": true}, "4": {"execution_time": 0.14374065399169922, "passed": true}, "5": {"execution_time": 0.14671063423156738, "passed": true}, "6": {"execution_time": 0.14661192893981934, "passed": true}, "7": {"execution_time": 0.1576709747314453, "passed": true}, "8": {"execution_time": 0.1605062484741211, "passed": true}, "9": {"execution_time": 0.14075994491577148, "passed": true}, "10": {"execution_time": 0.13351202011108398, "passed": true}, "11": {"execution_time": 0.13360905647277832, "passed": true}, "12": {"execution_time": 0.13579034805297852, "passed": true}, "13": {"execution_time": 0.6241061687469482, "passed": true}, "14": {"execution_time": 0.1308741569519043, "passed": true}}}, "check_style_score": "0/1"}