{"version": "1", "message": "ERROR: Hidden Testcases server unreachable.", "problem_id": "ads2_m4_a1_1", "user_id": "Abijithhebbar", "score": {"sample": {"0": {"execution_time": 0.16069936752319336, "passed": true}, "1": {"execution_time": 0.14923763275146484, "passed": true}, "2": {"execution_time": 0.17648792266845703, "passed": true}, "3": {"execution_time": 0.1735236644744873, "passed": true}, "4": {"execution_time": 0.14179491996765137, "passed": true}, "5": {"execution_time": 0.1541295051574707, "passed": true}, "6": {"execution_time": 0.14664912223815918, "passed": true}, "7": {"execution_time": 0.15306854248046875, "passed": true}, "8": {"execution_time": 0.16029143333435059, "passed": true}, "9": {"execution_time": 0.13498950004577637, "passed": true}, "10": {"execution_time": 0.13075757026672363, "passed": true}, "11": {"execution_time": 0.14290142059326172, "passed": true}, "12": {"execution_time": 0.13593602180480957, "passed": true}, "13": {"execution_time": 0.6180131435394287, "passed": true}, "14": {"execution_time": 0.13318228721618652, "passed": true}}}, "check_style_score": "0/1"}