{"version": "1", "message": "ERROR: Hidden Testcases server unreachable.", "problem_id": "ads2_m4_a1_1", "user_id": "Abijithhebbar", "score": {"sample": {"0": {"execution_time": 0.1596083641052246, "passed": true}, "1": {"execution_time": 0.16173028945922852, "passed": true}, "2": {"execution_time": 0.176588773727417, "passed": true}, "3": {"execution_time": 0.17259001731872559, "passed": true}, "4": {"execution_time": 0.14644789695739746, "passed": true}, "5": {"execution_time": 0.14658832550048828, "passed": true}, "6": {"execution_time": 0.14567351341247559, "passed": true}, "7": {"execution_time": 0.14667749404907227, "passed": true}, "8": {"execution_time": 0.17494821548461914, "passed": true}, "9": {"execution_time": 0.13248848915100098, "passed": true}, "10": {"execution_time": 0.1340498924255371, "passed": true}, "11": {"execution_time": 0.14549851417541504, "passed": true}, "12": {"execution_time": 0.13388705253601074, "passed": true}, "13": {"execution_time": 0.6217911243438721, "passed": true}, "14": {"execution_time": 0.1321427822113037, "passed": true}}}, "check_style_score": "0/1"}