{"version": "1", "message": "ERROR: Hidden Testcases server unreachable.", "problem_id": "ads2_m4_a1_1", "user_id": "Abijithhebbar", "score": {"sample": {"0": {"execution_time": 0.15966296195983887, "passed": true}, "1": {"execution_time": 0.15047645568847656, "passed": true}, "2": {"execution_time": 0.17732548713684082, "passed": true}, "3": {"execution_time": 0.17305612564086914, "passed": true}, "4": {"execution_time": 0.1557478904724121, "passed": true}, "5": {"execution_time": 0.14703869819641113, "passed": true}, "6": {"execution_time": 0.15572214126586914, "passed": true}, "7": {"execution_time": 0.15680789947509766, "passed": true}, "8": {"execution_time": 0.16059207916259766, "passed": true}, "9": {"execution_time": 0.13173842430114746, "passed": true}, "10": {"execution_time": 0.13256573677062988, "passed": true}, "11": {"execution_time": 0.13463854789733887, "passed": true}, "12": {"execution_time": 0.1326441764831543, "passed": true}, "13": {"execution_time": 0.6156430244445801, "passed": true}, "14": {"execution_time": 0.1340618133544922, "passed": true}}}, "check_style_score": "0/1"}