{"version": "1", "message": "ERROR: Hidden Testcases server unreachable.", "problem_id": "ads2_m4_a1_1", "user_id": "Abijithhebbar", "score": {"sample": {"0": {"execution_time": 0.2730216979980469, "passed": false}, "1": {"execution_time": 0.10539054870605469, "passed": false}, "2": {"execution_time": 0.10448479652404785, "passed": false}, "3": {"execution_time": 0.12111711502075195, "passed": false}, "4": {"execution_time": 0.1062309741973877, "passed": false}, "5": {"execution_time": 0.10608100891113281, "passed": false}, "6": {"execution_time": 0.10464859008789062, "passed": false}, "7": {"execution_time": 0.10573077201843262, "passed": false}, "8": {"execution_time": 0.10383486747741699, "passed": false}, "9": {"execution_time": 0.10615730285644531, "passed": false}, "10": {"execution_time": 0.12234735488891602, "passed": false}, "11": {"execution_time": 0.10369205474853516, "passed": false}, "12": {"execution_time": 0.10370516777038574, "passed": false}, "13": {"execution_time": 0.10334563255310059, "passed": false}, "14": {"execution_time": 0.10179615020751953, "passed": false}}}, "check_style_score": "0/1"}