{"version": "1", "message": "ERROR: Hidden Testcases server unreachable.", "problem_id": "ads2_m4_a1_1", "user_id": "Abijithhebbar", "score": {"sample": {"0": {"execution_time": 0.16608977317810059, "passed": true}, "1": {"execution_time": 0.15206122398376465, "passed": true}, "2": {"execution_time": 0.17548084259033203, "passed": true}, "3": {"execution_time": 0.17357921600341797, "passed": true}, "4": {"execution_time": 0.1536397933959961, "passed": true}, "5": {"execution_time": 0.15059733390808105, "passed": true}, "6": {"execution_time": 0.14760494232177734, "passed": true}, "7": {"execution_time": 0.14855742454528809, "passed": true}, "8": {"execution_time": 0.16857385635375977, "passed": true}, "9": {"execution_time": 0.1437840461730957, "passed": true}, "10": {"execution_time": 0.1345229148864746, "passed": true}, "11": {"execution_time": 0.13750910758972168, "passed": true}, "12": {"execution_time": 0.13428902626037598, "passed": true}, "13": {"execution_time": 0.6284260749816895, "passed": true}, "14": {"execution_time": 0.14778351783752441, "passed": true}}}, "check_style_score": "0/1"}