{"version": "1", "message": "ERROR: Hidden Testcases server unreachable.", "problem_id": "ads2_m4_a1_1", "user_id": "Abijithhebbar", "score": {"sample": {"0": {"execution_time": 0.16272521018981934, "passed": true}, "1": {"execution_time": 0.16171002388000488, "passed": true}, "2": {"execution_time": 0.1737842559814453, "passed": true}, "3": {"execution_time": 0.17368674278259277, "passed": true}, "4": {"execution_time": 0.14494061470031738, "passed": true}, "5": {"execution_time": 0.1459672451019287, "passed": true}, "6": {"execution_time": 0.14856815338134766, "passed": true}, "7": {"execution_time": 0.14447999000549316, "passed": true}, "8": {"execution_time": 0.15646004676818848, "passed": true}, "9": {"execution_time": 0.13266301155090332, "passed": true}, "10": {"execution_time": 0.13365387916564941, "passed": true}, "11": {"execution_time": 0.1318950653076172, "passed": true}, "12": {"execution_time": 0.1368732452392578, "passed": true}, "13": {"execution_time": 0.6029393672943115, "passed": true}, "14": {"execution_time": 0.13296175003051758, "passed": true}}}, "check_style_score": "1/1"}