{"version": "1", "message": "ERROR: Hidden Testcases server unreachable.", "problem_id": "ads2_m4_a1_1", "user_id": "Abijithhebbar", "score": {"sample": {"0": {"execution_time": 0.1598067283630371, "passed": true}, "1": {"execution_time": 0.15691018104553223, "passed": true}, "2": {"execution_time": 0.17763423919677734, "passed": true}, "3": {"execution_time": 0.17309260368347168, "passed": true}, "4": {"execution_time": 0.15768766403198242, "passed": true}, "5": {"execution_time": 0.1554090976715088, "passed": true}, "6": {"execution_time": 0.1425161361694336, "passed": true}, "7": {"execution_time": 0.14378690719604492, "passed": true}, "8": {"execution_time": 0.15849924087524414, "passed": true}, "9": {"execution_time": 0.13206243515014648, "passed": true}, "10": {"execution_time": 0.1326460838317871, "passed": true}, "11": {"execution_time": 0.13971662521362305, "passed": true}, "12": {"execution_time": 0.13385009765625, "passed": true}, "13": {"execution_time": 0.640418291091919, "passed": true}, "14": {"execution_time": 0.13092589378356934, "passed": true}}}, "check_style_score": "0/1"}