{"version": "1", "message": "ERROR: Hidden Testcases server unreachable.", "problem_id": "ads2_m2_a1_1", "user_id": "Abijithhebbar", "score": {"sample": {"0": {"execution_time": 0.5907208919525146, "passed": true}, "1": {"execution_time": 0.29114389419555664, "passed": true}, "2": {"execution_time": 0.35275959968566895, "passed": true}, "3": {"execution_time": 0.2905259132385254, "passed": true}, "4": {"execution_time": 0.33344507217407227, "passed": true}, "5": {"execution_time": 0.32566189765930176, "passed": true}, "6": {"execution_time": 0.40598607063293457, "passed": true}, "7": {"execution_time": 0.3104829788208008, "passed": true}, "8": {"execution_time": 0.28499436378479004, "passed": true}, "9": {"execution_time": 0.33336949348449707, "passed": true}, "10": {"execution_time": 0.3112955093383789, "passed": true}, "11": {"execution_time": 0.30374693870544434, "passed": true}, "12": {"execution_time": 0.2939424514770508, "passed": true}, "13": {"execution_time": 0.354644775390625, "passed": true}, "14": {"execution_time": 0.32584691047668457, "passed": true}, "15": {"execution_time": 0.30982041358947754, "passed": true}, "16": {"execution_time": 0.36363887786865234, "passed": true}, "17": {"execution_time": 0.3591957092285156, "passed": true}, "18": {"execution_time": 0.3915822505950928, "passed": true}, "19": {"execution_time": 0.3641335964202881, "passed": true}, "20": {"execution_time": 0.3642141819000244, "passed": true}, "21": {"execution_time": 0.32582688331604004, "passed": true}, "22": {"execution_time": 0.3988373279571533, "passed": true}, "23": {"execution_time": 0.4432380199432373, "passed": true}}}, "check_style_score": "0/1"}