{"version": "1", "message": "ERROR: Hidden Testcases server unreachable.", "problem_id": "ads2_m2_a1_1", "user_id": "Abijithhebbar", "score": {"sample": {"0": {"execution_time": 0.3142263889312744, "passed": true}, "1": {"execution_time": 0.3348371982574463, "passed": true}, "2": {"execution_time": 0.281846284866333, "passed": true}, "3": {"execution_time": 0.3138585090637207, "passed": true}, "4": {"execution_time": 0.37806057929992676, "passed": true}, "5": {"execution_time": 0.2965106964111328, "passed": true}, "6": {"execution_time": 0.3017849922180176, "passed": true}, "7": {"execution_time": 0.3627326488494873, "passed": true}, "8": {"execution_time": 0.26975202560424805, "passed": true}, "9": {"execution_time": 0.3068575859069824, "passed": true}, "10": {"execution_time": 0.341719388961792, "passed": true}, "11": {"execution_time": 0.3260936737060547, "passed": true}, "12": {"execution_time": 0.2990841865539551, "passed": true}, "13": {"execution_time": 0.3464372158050537, "passed": true}, "14": {"execution_time": 0.32415318489074707, "passed": true}, "15": {"execution_time": 0.3430297374725342, "passed": true}, "16": {"execution_time": 0.37517476081848145, "passed": true}, "17": {"execution_time": 0.3770177364349365, "passed": true}, "18": {"execution_time": 0.3691871166229248, "passed": true}, "19": {"execution_time": 0.4364316463470459, "passed": true}, "20": {"execution_time": 0.38126683235168457, "passed": true}, "21": {"execution_time": 0.32379841804504395, "passed": true}, "22": {"execution_time": 0.43218517303466797, "passed": true}, "23": {"execution_time": 0.39000511169433594, "passed": true}}}, "check_style_score": "1/1"}