{"version": "1", "message": "ERROR: Hidden Testcases server unreachable.", "problem_id": "ads2_m2_a1_1", "user_id": "Abijithhebbar", "score": {"sample": {"0": {"execution_time": 0.36493587493896484, "passed": true}, "1": {"execution_time": 0.3062729835510254, "passed": true}, "2": {"execution_time": 0.28560733795166016, "passed": true}, "3": {"execution_time": 0.30954980850219727, "passed": true}, "4": {"execution_time": 0.35622239112854004, "passed": true}, "5": {"execution_time": 0.30648207664489746, "passed": true}, "6": {"execution_time": 0.2914285659790039, "passed": true}, "7": {"execution_time": 0.36203455924987793, "passed": true}, "8": {"execution_time": 0.31968235969543457, "passed": true}, "9": {"execution_time": 0.31496572494506836, "passed": true}, "10": {"execution_time": 0.340900182723999, "passed": true}, "11": {"execution_time": 0.30631136894226074, "passed": true}, "12": {"execution_time": 0.2934103012084961, "passed": true}, "13": {"execution_time": 0.36647558212280273, "passed": true}, "14": {"execution_time": 0.2832217216491699, "passed": true}, "15": {"execution_time": 0.32647156715393066, "passed": true}, "16": {"execution_time": 0.36458349227905273, "passed": true}, "17": {"execution_time": 0.37523531913757324, "passed": true}, "18": {"execution_time": 0.36672353744506836, "passed": true}, "19": {"execution_time": 0.41653943061828613, "passed": true}, "20": {"execution_time": 0.39307427406311035, "passed": true}, "21": {"execution_time": 0.31898927688598633, "passed": true}, "22": {"execution_time": 0.45799779891967773, "passed": true}, "23": {"execution_time": 0.4158904552459717, "passed": true}}}, "check_style_score": "0/1"}