{"version": "1", "message": "ERROR: Hidden Testcases server unreachable.", "problem_id": "ads2_m2_a1_1", "user_id": "Abijithhebbar", "score": {"sample": {"0": {"execution_time": 0.45624399185180664, "passed": true}, "1": {"execution_time": 0.42850637435913086, "passed": true}, "2": {"execution_time": 0.4537546634674072, "passed": true}, "3": {"execution_time": 0.526559591293335, "passed": true}, "4": {"execution_time": 0.48020482063293457, "passed": true}, "5": {"execution_time": 0.4703497886657715, "passed": true}, "6": {"execution_time": 0.36165785789489746, "passed": true}, "7": {"execution_time": 0.3368966579437256, "passed": true}, "8": {"execution_time": 0.5061509609222412, "passed": true}, "9": {"execution_time": 0.3658430576324463, "passed": true}, "10": {"execution_time": 0.34654688835144043, "passed": true}, "11": {"execution_time": 0.44165635108947754, "passed": true}, "12": {"execution_time": 0.36348795890808105, "passed": true}, "13": {"execution_time": 0.38413453102111816, "passed": true}, "14": {"execution_time": 0.46035027503967285, "passed": true}, "15": {"execution_time": 0.5872197151184082, "passed": true}, "16": {"execution_time": 0.4529609680175781, "passed": true}, "17": {"execution_time": 0.4404184818267822, "passed": true}, "18": {"execution_time": 0.47821617126464844, "passed": true}, "19": {"execution_time": 0.4753904342651367, "passed": true}, "20": {"execution_time": 0.5384538173675537, "passed": true}, "21": {"execution_time": 0.4813425540924072, "passed": true}, "22": {"execution_time": 0.6692707538604736, "passed": true}, "23": {"execution_time": 0.5662660598754883, "passed": true}}}, "check_style_score": "0/1"}